resource	type	sample_or_record_count	tissue_or_scope	manuscript_role	primary_limitation	source_url_or_record
GSE75214	Bulk transcriptomics microarray	194	Endoscopic intestinal mucosal biopsies	Bulk mucosal disease-signature discovery evidence group	GSE75214 and GSE59071 are not treated as independent validation because they share a platform/evidence group.	https://www.ncbi.nlm.nih.gov/geo/query/acc.cgi?acc=GSE75214
GSE59071	Bulk transcriptomics microarray	116	Endoscopic mucosal biopsies	Non-independent bulk sensitivity evidence	Used as sensitivity within the same GPL6244 evidence group rather than as an independent cohort.	https://www.ncbi.nlm.nih.gov/geo/query/acc.cgi?acc=GSE59071
GSE87466	Bulk transcriptomics microarray	108	Colonic mucosal biopsies	Independent active UC mucosal validation evidence group	Processed microarray analysis; detailed treatment covariates remain limited.	https://www.ncbi.nlm.nih.gov/geo/query/acc.cgi?acc=GSE87466
GSE125527	Single-cell RNA-seq; scTCR-seq; scBCR-seq	103	Ileum and/or colon immune/epithelial compartments	Primary scRNA pseudobulk cell-state localization resource	Patient count is modest after tissue/cell-type stratification; claims remain associative.	https://www.ncbi.nlm.nih.gov/geo/query/acc.cgi?acc=GSE125527
HERB 2.0	TCM compound-target and disease-context knowledgebase	41 local manifest files	Ingredients, herbs, formulas, targets, references	Primary TCM disease-context target source	Database relations are evidence annotations, not experimental validation in this study.	http://herb.ac.cn/
ETCM2	TCM compound and target-name resource	147 local manifest files	Ingredient details and target-name annotations	Supplementary cross-resource check	Target names require gene-symbol mapping and did not support the Curcumin-B-cell target bridge.	http://www.tcmip.cn/ETCM2/front/
Open Targets	Disease-target association resource	242 disease-target rows in local output	UC, Crohn disease, and IBD target associations	Orthogonal target disease-relevance check	Supports target-disease plausibility, not compound action.	https://platform.opentargets.org/
PubMed/PMC and full-text verification	Bibliographic and full-text evidence verification	3 high-value PMIDs; 14 target-level full-text rows	Curcumin colitis target evidence	Reference identity and target-context verification	Restricted full text was used only for local evidence inspection and is not redistributed.	https://pubmed.ncbi.nlm.nih.gov/
L1000CDS2	Perturbational signature reversal query	15 exact-ID candidate checks	LINCS/L1000 compound signatures	Negative boundary-setting perturbation layer	No exact-ID top-result hit does not rule out activity in untested contexts or raw LINCS matrices.	https://maayanlab.cloud/L1000CDS2/
