variant	tissue_assignment	celltype	n_diseased_samples	n_healthy_samples	delta_axis_diseased_minus_healthy	p_mannwhitney	q_mannwhitney_bh	empirical_p_two_sided	q_empirical_bh	null_q025_delta	null_q975_delta	n_permutations	seed
GSE75214_top150_avg_logcpm	R	T	7	4	0.0127183	0.163636	0.654545	0.154585	0.618338	-0.0164238	0.0155584	10000	20260702
GSE75214_top150_avg_logcpm	R	B	7	4	0.0105791	0.648485	0.927273	0.566543	0.963104	-0.031535	0.0275573	10000	20260702
GSE75214_top150_avg_logcpm	R	M/DC	7	3	0.00153512	0.833333	0.927273	0.982202	0.982202	-0.0949359	0.105414	10000	20260702
GSE75214_top150_avg_logcpm	R	NK	7	4	-0.00519869	0.927273	0.927273	0.722328	0.963104	-0.0254477	0.0267536	10000	20260702
GSE75214_top150_logsum_cpm	R	T	7	4	0.250956	0.0424242	0.169697	0.0933907	0.373563	-0.288298	0.255691	10000	20260702
GSE75214_top150_logsum_cpm	R	B	7	4	0.133576	0.927273	0.927273	0.651735	0.80192	-0.489281	0.437383	10000	20260702
GSE75214_top150_logsum_cpm	R	M/DC	7	3	0.11721	0.516667	0.864646	0.785121	0.80192	-0.50664	0.691575	10000	20260702
GSE75214_top150_logsum_cpm	R	NK	7	4	0.0328835	0.648485	0.864646	0.80192	0.80192	-0.311784	0.325099	10000	20260702
GSE87466_top150_avg_logcpm	R	B	7	4	0.0191841	0.163636	0.654545	0.090191	0.360764	-0.0210124	0.0226849	10000	20260702
GSE87466_top150_avg_logcpm	R	M/DC	7	3	0.0100773	1	1	0.830117	0.830117	-0.111021	0.119578	10000	20260702
GSE87466_top150_avg_logcpm	R	NK	7	4	0.00630784	0.787879	1	0.825017	0.830117	-0.0428274	0.051086	10000	20260702
GSE87466_top150_avg_logcpm	R	T	7	4	0.00489409	0.648485	1	0.680432	0.830117	-0.0215341	0.0217198	10000	20260702
GSE87466_top150_logsum_cpm	R	NK	7	4	0.226024	0.648485	0.648485	0.479552	0.639403	-0.521546	0.571038	10000	20260702
GSE87466_top150_logsum_cpm	R	T	7	4	0.16752	0.163636	0.648485	0.174983	0.639403	-0.220229	0.240314	10000	20260702
GSE87466_top150_logsum_cpm	R	B	7	4	0.141452	0.527273	0.648485	0.352065	0.639403	-0.265161	0.285405	10000	20260702
GSE87466_top150_logsum_cpm	R	M/DC	7	3	0.11953	0.516667	0.648485	0.779022	0.779022	-0.530952	0.713052	10000	20260702
consensus_top100_avg_logcpm	R	NK	7	4	0.0342103	0.230303	0.460606	0.170783	0.354365	-0.0445916	0.0487782	10000	20260702
consensus_top100_avg_logcpm	R	M/DC	7	3	0.014596	0.833333	0.833333	0.871713	0.871713	-0.132641	0.136083	10000	20260702
consensus_top100_avg_logcpm	R	B	7	4	0.0134135	0.109091	0.436364	0.177182	0.354365	-0.0183486	0.0172417	10000	20260702
consensus_top100_avg_logcpm	R	T	7	4	-0.00523532	0.787879	0.833333	0.764224	0.871713	-0.0314491	0.0300816	10000	20260702
consensus_top100_logsum_cpm	R	NK	7	4	0.507115	0.0424242	0.169697	0.0288971	0.115588	-0.4483	0.481392	10000	20260702
consensus_top100_logsum_cpm	R	B	7	4	0.185136	0.109091	0.218182	0.0836916	0.167383	-0.206299	0.190663	10000	20260702
consensus_top100_logsum_cpm	R	M/DC	7	3	0.0753901	1	1	0.836816	0.858314	-0.361077	0.471449	10000	20260702
consensus_top100_logsum_cpm	R	T	7	4	-0.025625	0.927273	1	0.858314	0.858314	-0.322208	0.308733	10000	20260702
consensus_top150_avg_logcpm	R	B	7	4	0.0804293	0.0121212	0.0484848	0.00639936	0.0255974	-0.0618036	0.0608315	10000	20260702
consensus_top150_avg_logcpm	R	M/DC	7	3	0.0477174	0.516667	0.927273	0.470153	0.627271	-0.129062	0.122271	10000	20260702
consensus_top150_avg_logcpm	R	NK	7	4	0.0159366	0.787879	0.927273	0.470453	0.627271	-0.0355821	0.0421557	10000	20260702
consensus_top150_avg_logcpm	R	T	7	4	0.0016995	0.927273	0.927273	0.936506	0.936506	-0.0364095	0.032921	10000	20260702
consensus_top150_logsum_cpm	R	B	7	4	0.538392	0.00606061	0.0242424	0.00419958	0.0167983	-0.354632	0.3704	10000	20260702
consensus_top150_logsum_cpm	R	M/DC	7	3	0.2539	0.383333	0.70303	0.212079	0.424158	-0.380387	0.357219	10000	20260702
consensus_top150_logsum_cpm	R	NK	7	4	0.0307752	0.527273	0.70303	0.933507	0.956104	-0.440586	0.54735	10000	20260702
consensus_top150_logsum_cpm	R	T	7	4	0.00585883	1	1	0.956104	0.956104	-0.184341	0.192141	10000	20260702
consensus_top150_weighted_avg_logcpm	R	B	7	4	0.0689096	0.0121212	0.0484848	0.00969903	0.0387961	-0.0534149	0.0515744	10000	20260702
consensus_top150_weighted_avg_logcpm	R	M/DC	7	3	0.0372769	1	1	0.618638	0.824851	-0.1211	0.125898	10000	20260702
consensus_top150_weighted_avg_logcpm	R	NK	7	4	0.0116309	0.315152	0.630303	0.59944	0.824851	-0.033825	0.041445	10000	20260702
consensus_top150_weighted_avg_logcpm	R	T	7	4	0.00297372	0.927273	1	0.878712	0.878712	-0.0332004	0.0297775	10000	20260702
consensus_top150_weighted_logsum_cpm	R	B	7	4	0.528394	0.00606061	0.0242424	0.00309969	0.0123988	-0.350255	0.352619	10000	20260702
consensus_top150_weighted_logsum_cpm	R	M/DC	7	3	0.226026	0.383333	0.70303	0.284972	0.569943	-0.358098	0.403292	10000	20260702
consensus_top150_weighted_logsum_cpm	R	NK	7	4	0.0208755	0.527273	0.70303	0.967903	0.967903	-0.430358	0.518117	10000	20260702
consensus_top150_weighted_logsum_cpm	R	T	7	4	0.0121134	0.787879	0.787879	0.909409	0.967903	-0.180185	0.190204	10000	20260702
consensus_top300_avg_logcpm	R	B	7	4	0.0528151	0.0242424	0.0969697	0.00919908	0.0367963	-0.0409244	0.0422846	10000	20260702
consensus_top300_avg_logcpm	R	M/DC	7	3	0.051879	0.383333	0.766667	0.283372	0.439423	-0.07852	0.0865132	10000	20260702
consensus_top300_avg_logcpm	R	NK	7	4	0.032338	0.787879	0.927273	0.329567	0.439423	-0.0536921	0.0624967	10000	20260702
consensus_top300_avg_logcpm	R	T	7	4	-0.00117663	0.927273	0.927273	0.958504	0.958504	-0.0300188	0.029865	10000	20260702
consensus_top300_logsum_cpm	R	M/DC	7	3	0.387969	0.183333	0.366667	0.10279	0.205579	-0.407706	0.478883	10000	20260702
consensus_top300_logsum_cpm	R	T	7	4	0.243293	0.0727273	0.290909	0.059994	0.205579	-0.261714	0.232785	10000	20260702
consensus_top300_logsum_cpm	R	NK	7	4	0.0920713	0.787879	0.787879	0.646435	0.755624	-0.379255	0.448662	10000	20260702
consensus_top300_logsum_cpm	R	B	7	4	0.0585314	0.648485	0.787879	0.755624	0.755624	-0.349246	0.337938	10000	20260702
consensus_top50_avg_logcpm	R	M/DC	7	3	0.0375914	0.666667	0.927273	0.780822	0.968403	-0.148325	0.211685	10000	20260702
consensus_top50_avg_logcpm	R	T	7	4	-0.00027314	0.787879	0.927273	0.968403	0.968403	-0.00764055	0.00740568	10000	20260702
consensus_top50_avg_logcpm	R	NK	7	4	-0.0366027	0.927273	0.927273	0.476852	0.953705	-0.0848708	0.0850434	10000	20260702
consensus_top50_avg_logcpm	R	B	7	4	-0.0596174	0.0242424	0.0969697	0.0157984	0.0631937	-0.0500598	0.0492708	10000	20260702
consensus_top50_logsum_cpm	R	M/DC	7	3	0.08467	0.516667	0.527273	0.883212	0.883212	-0.426482	0.678623	10000	20260702
consensus_top50_logsum_cpm	R	T	7	4	-0.0922148	0.163636	0.327273	0.0588941	0.117788	-0.0994966	0.0820076	10000	20260702
consensus_top50_logsum_cpm	R	NK	7	4	-0.29324	0.527273	0.527273	0.363464	0.484618	-0.516636	0.498772	10000	20260702
consensus_top50_logsum_cpm	R	B	7	4	-0.54697	0.0242424	0.0969697	0.0110989	0.0443956	-0.438973	0.432978	10000	20260702
