tissue_assignment	celltype	n_diseased_samples	n_healthy_samples	diseased_cells	healthy_cells	mean_axis_diseased	mean_axis_healthy	delta_axis_diseased_minus_healthy	p_axis_mannwhitney	mean_up_diseased	mean_up_healthy	delta_up_diseased_minus_healthy	p_up_mannwhitney	mean_down_diseased	mean_down_healthy	delta_down_diseased_minus_healthy	p_down_mannwhitney
R	T:T16	2	1	9	3	3.59051	1.79457	1.79594		4.11261	3.91492	0.197695		0.522111	2.12035	-1.59824	
R	T:T13	2	1	3	1	3.22515	2.10325	1.1219		3.71786	3.97537	-0.257515		0.492708	1.87212	-1.37941	
R	B:B13	6	3	36	61	4.50652	3.53028	0.976243	0.0238095	4.68252	4.1271	0.55542	0.047619	0.175999	0.596818	-0.42082	0.0878251
R	T:T4	7	3	48	11	4.1907	3.33738	0.853324	0.516667	4.63711	4.1472	0.489911	0.183333	0.446407	0.809825	-0.363418	0.488808
R	B:B16	5	3	46	10	4.08577	3.29369	0.79208	0.142857	4.47822	4.13639	0.341823	0.571429	0.392447	0.842699	-0.450252	0.142857
R	T:T9	6	1	21	2	3.49118	2.80563	0.685547		4.21197	4.81714	-0.605172		0.72079	2.01152	-1.29073	
R	B:B4	7	4	515	44	3.98537	3.32901	0.656365	0.230303	4.37882	4.13708	0.241735	0.163636	0.393448	0.808078	-0.41463	0.230303
R	B:B14	7	3	40	40	4.04589	3.47068	0.575211	0.0666667	4.7758	4.35417	0.421635	0.0666667	0.729909	0.883483	-0.153574	0.516667
R	B:B2	7	4	853	128	4.0556	3.48519	0.570414	0.0424242	4.56003	4.41904	0.140991	0.648485	0.504418	0.933844	-0.429425	0.0242424
R	B:B12	6	4	39	84	3.69412	3.13696	0.557166	0.114286	4.10306	4.18346	-0.0804	1	0.40894	1.04651	-0.63757	0.164522
R	T:T15	4	4	6	17	3.89928	3.37583	0.523448	0.685714	4.85461	4.29262	0.561997	0.2	0.955335	0.916789	0.0385465	0.88242
R	B:B7	6	4	75	181	3.90158	3.43399	0.467583	0.00952381	4.27308	3.99491	0.278172	0.114286	0.371502	0.560916	-0.189414	0.609524
R	B:B3	6	3	56	4	4.48006	4.06818	0.41188	0.547619	4.79483	4.28568	0.509148	0.380952	0.314771	0.217505	0.0972662	0.511482
R	B:B6	4	4	29	611	4.05838	3.68353	0.37485	0.2	4.67835	4.28362	0.394735	0.685714	0.619973	0.600087	0.0198862	0.885714
R	T:T14	6	4	85	270	3.86654	3.54743	0.319117	0.352381	4.62365	4.6038	0.0198458	0.761905	0.7571	1.05638	-0.299277	0.47619
R	B:B5	7	3	152	40	4.04684	3.76523	0.281615	0.183333	4.47777	4.20163	0.276141	0.0333333	0.430932	0.436403	-0.00547081	0.833333
R	M/DC	7	3	201	54	4.49706	4.24316	0.253899	0.383333	5.03751	5.09654	-0.0590281	0.516667	0.540449	0.853382	-0.312933	0.0666667
R	B:B15	5	4	47	31	3.92813	3.68605	0.242081	0.412698	4.41793	4.20544	0.212494	0.015873	0.489806	0.519394	-0.0295878	0.904762
R	B:B11	7	4	50	56	3.71929	3.48217	0.237118	0.230303	4.2084	3.87809	0.330303	0.0424242	0.4891	0.395917	0.0931828	0.527273
R	B:B17	5	2	19	23	3.65395	3.44801	0.205942	0.857143	4.10748	3.99694	0.110541	0.380952	0.453523	0.548925	-0.0954025	0.845078
R	T:T10	7	4	590	177	3.87202	3.68738	0.184643	0.315152	4.71696	4.63417	0.0827939	0.927273	0.844939	0.946789	-0.101849	0.230303
R	B:B10	5	3	63	37	3.73801	3.60315	0.134855	0.785714	4.13972	3.96703	0.172691	0.785714	0.401717	0.363881	0.0378365	1
R	NK	7	4	261	52	3.46634	3.43557	0.0307754	0.527273	4.7295	4.89125	-0.161754	0.230303	1.26316	1.45569	-0.192527	0.412121
R	T:T3	7	4	68	34	3.79467	3.77702	0.0176518	0.927273	4.48966	4.62812	-0.138456	0.527273	0.694982	0.851094	-0.156112	0.927273
R	T:T5	7	4	1176	76	3.78868	3.80822	-0.0195371	0.787879	4.43842	4.39523	0.0431886	0.527273	0.649733	0.587008	0.0627258	1
R	T:T2	7	4	878	576	4.03072	4.05467	-0.0239475	0.927273	4.90034	5.06584	-0.165496	0.230303	0.869622	1.01117	-0.141551	0.109091
R	unknown	7	8	10593	10128	3.90848	3.95084	-0.0423548	0.53582	4.57454	4.67205	-0.0975071	0.151981	0.666063	0.721213	-0.0551497	0.694328
R	B:B8	7	2	566	48	4.37707	4.42614	-0.0490664	0.888889	4.95603	4.83421	0.12182	0.333333	0.578959	0.408077	0.170882	0.888889
R	B:B1	7	4	750	16	4.0254	4.07811	-0.05271	1	4.52174	4.43633	0.0854164	1	0.496341	0.358211	0.13813	1
R	T:T6	5	3	19	35	3.42297	3.48551	-0.0625387	0.785714	4.57712	4.67644	-0.099324	0.392857	1.15415	1.19093	-0.036784	0.785714
R	T:T1	7	4	520	520	4.15537	4.29178	-0.136414	0.412121	4.71474	4.93381	-0.219065	0.00606061	0.55937	0.642021	-0.0826505	0.412121
R	T:T7	7	4	758	110	3.48512	3.73445	-0.249326	0.648485	4.2516	4.36116	-0.109553	0.412121	0.766482	0.626708	0.139774	0.787879
R	B:B9	3	3	14	11	3.75602	4.06387	-0.307847	0.7	4.64007	4.69117	-0.0511	1	0.884045	0.627299	0.256746	0.7
R	T:T8	7	3	22	20	3.44052	3.98985	-0.549335	0.666667	4.28146	4.27445	0.00701	0.833333	0.840941	0.284595	0.556346	0.465759
R	T:T12	3	1	14	1	3.17338	4.20227	-1.02889		4.49141	4.20227	0.289143		1.31803	0	1.31803	
